Workbook

Sheet Summary
A1: neom_core — Regression Testing Checklist
A2: Módulo: | B2: neom_core
A3: Categoría: | B3: main
A4: Descripción: | B4: Core compartido: domain models, enums (SubscriptionLevel), repositorios Firestore base, utils.
A5: Versión: | B5: 1.0.0
A6: Tester(s):
A7: Fecha inicio:
A8: Fecha fin:
A10: KPI | B10: Valor
A11: Total de casos | B11: =COUNTA('Test Cases'!A2:A7)
A12: Passed | B12: =COUNTIF('Test Cases'!F2:F7,"Passed")
A13: Failed | B13: =COUNTIF('Test Cases'!F2:F7,"Failed")
A14: Blocked | B14: =COUNTIF('Test Cases'!F2:F7,"Blocked")
A15: Skipped | B15: =COUNTIF('Test Cases'!F2:F7,"Skipped")
A16: Not Run | B16: =COUNTIF('Test Cases'!F2:F7,"Not Run")
A17: % Cobertura | B17: =IFERROR((B12+B13+B14+B15)/B11,0)
A18: % Pass rate | B18: =IFERROR(B12/(B12+B13),0)
A20: Prioridad | B20: Total | C20: Passed | D20: Failed | E20: Pendientes
A21: P0 | B21: =COUNTIF('Test Cases'!D2:D7,"P0") | C21: =COUNTIFS('Test Cases'!D2:D7,"P0",'Test Cases'!F2:F7,"Passed") | D21: =COUNTIFS('Test Cases'!D2:D7,"P0",'Test Cases'!F2:F7,"Failed") | E21: =COUNTIFS('Test Cases'!D2:D7,"P0",'Test Cases'!F2:F7,"Not Run")
A22: P1 | B22: =COUNTIF('Test Cases'!D2:D7,"P1") | C22: =COUNTIFS('Test Cases'!D2:D7,"P1",'Test Cases'!F2:F7,"Passed") | D22: =COUNTIFS('Test Cases'!D2:D7,"P1",'Test Cases'!F2:F7,"Failed") | E22: =COUNTIFS('Test Cases'!D2:D7,"P1",'Test Cases'!F2:F7,"Not Run")
A23: P2 | B23: =COUNTIF('Test Cases'!D2:D7,"P2") | C23: =COUNTIFS('Test Cases'!D2:D7,"P2",'Test Cases'!F2:F7,"Passed") | D23: =COUNTIFS('Test Cases'!D2:D7,"P2",'Test Cases'!F2:F7,"Failed") | E23: =COUNTIFS('Test Cases'!D2:D7,"P2",'Test Cases'!F2:F7,"Not Run")
A24: P3 | B24: =COUNTIF('Test Cases'!D2:D7,"P3") | C24: =COUNTIFS('Test Cases'!D2:D7,"P3",'Test Cases'!F2:F7,"Passed") | D24: =COUNTIFS('Test Cases'!D2:D7,"P3",'Test Cases'!F2:F7,"Failed") | E24: =COUNTIFS('Test Cases'!D2:D7,"P3",'Test Cases'!F2:F7,"Not Run")

Sheet Test Cases
A1: Code | B1: Module | C1: Area | D1: Priority | E1: Title | F1: Status | G1: X (done) | H1: Tester | I1: Date | J1: Comment | K1: Defect ID | L1: Preconditions | M1: Steps | N1: Expected | O1: Platform Note
A2: CRE-01 | B2: neom_core | C2: Firestore | D2: P0 | E2: EventFirestore.create | F2: Not Run | L2: Auth | M2: create() | N2: Doc creado
A3: CRE-02 | B3: neom_core | C3: Firestore | D3: P0 | E3: instrumentsFulfillment update | F3: Not Run | L3: Event | M3: update array | N3: Array reflejado
A4: CRE-03 | B4: neom_core | C4: Firestore | D4: P0 | E4: retrieveEvents ordered | F4: Not Run | L4: ≥3 events | M4: retrieve | N4: Desc por createdTime
A5: CRE-04 | B5: neom_core | C5: Null | D5: P0 | E5: doc.data() null safe | F5: Not Run | L5: Doc vacío | M5: Read | N5: No crash
A6: CRE-05 | B6: neom_core | C6: Cast | D6: P0 | E6: Cast a Map seguro | F6: Not Run | L6: Doc malformado | M6: Cast | N6: Fallback
A7: CRE-06 | B7: neom_core | C7: Enum | D7: P1 | E7: SubscriptionLevel.value | F7: Not Run | L7: Enum | M7: Read .value | N7: Numeric

Sheet By Area
A1: Area | B1: Total | C1: Passed | D1: Failed | E1: Blocked | F1: Skipped | G1: Not Run | H1: % Pass
A2: Cast | B2: =COUNTIF('Test Cases'!C2:C7,A2) | C2: =COUNTIFS('Test Cases'!C2:C7,A2,'Test Cases'!F2:F7,"Passed") | D2: =COUNTIFS('Test Cases'!C2:C7,A2,'Test Cases'!F2:F7,"Failed") | E2: =COUNTIFS('Test Cases'!C2:C7,A2,'Test Cases'!F2:F7,"Blocked") | F2: =COUNTIFS('Test Cases'!C2:C7,A2,'Test Cases'!F2:F7,"Skipped") | G2: =COUNTIFS('Test Cases'!C2:C7,A2,'Test Cases'!F2:F7,"Not Run") | H2: =IFERROR(C2/(C2+D2),0)
A3: Enum | B3: =COUNTIF('Test Cases'!C2:C7,A3) | C3: =COUNTIFS('Test Cases'!C2:C7,A3,'Test Cases'!F2:F7,"Passed") | D3: =COUNTIFS('Test Cases'!C2:C7,A3,'Test Cases'!F2:F7,"Failed") | E3: =COUNTIFS('Test Cases'!C2:C7,A3,'Test Cases'!F2:F7,"Blocked") | F3: =COUNTIFS('Test Cases'!C2:C7,A3,'Test Cases'!F2:F7,"Skipped") | G3: =COUNTIFS('Test Cases'!C2:C7,A3,'Test Cases'!F2:F7,"Not Run") | H3: =IFERROR(C3/(C3+D3),0)
A4: Firestore | B4: =COUNTIF('Test Cases'!C2:C7,A4) | C4: =COUNTIFS('Test Cases'!C2:C7,A4,'Test Cases'!F2:F7,"Passed") | D4: =COUNTIFS('Test Cases'!C2:C7,A4,'Test Cases'!F2:F7,"Failed") | E4: =COUNTIFS('Test Cases'!C2:C7,A4,'Test Cases'!F2:F7,"Blocked") | F4: =COUNTIFS('Test Cases'!C2:C7,A4,'Test Cases'!F2:F7,"Skipped") | G4: =COUNTIFS('Test Cases'!C2:C7,A4,'Test Cases'!F2:F7,"Not Run") | H4: =IFERROR(C4/(C4+D4),0)
A5: Null | B5: =COUNTIF('Test Cases'!C2:C7,A5) | C5: =COUNTIFS('Test Cases'!C2:C7,A5,'Test Cases'!F2:F7,"Passed") | D5: =COUNTIFS('Test Cases'!C2:C7,A5,'Test Cases'!F2:F7,"Failed") | E5: =COUNTIFS('Test Cases'!C2:C7,A5,'Test Cases'!F2:F7,"Blocked") | F5: =COUNTIFS('Test Cases'!C2:C7,A5,'Test Cases'!F2:F7,"Skipped") | G5: =COUNTIFS('Test Cases'!C2:C7,A5,'Test Cases'!F2:F7,"Not Run") | H5: =IFERROR(C5/(C5+D5),0)

Sheet Defects Log
A1: Defect ID | B1: Case Code | C1: Severity | D1: Title | E1: Steps to reproduce | F1: Actual | G1: Expected | H1: Environment | I1: Screenshot URL | J1: Assigned | K1: Status | L1: Created | M1: Closed

Sheet Release Gates
A1: Criterios de aceptación (Release Gates)
A3: Criterio | B3: Target | C3: Estado
A4: P0 con 100% Pass rate | B4: 100% | C4: =IF(COUNTIFS('Test Cases'!D2:D7,"P0",'Test Cases'!F2:F7,"Failed")=0,"OK","BLOCKED")
A5: P1 con >=95% Pass rate | B5: >=95% | C5: =IF(IFERROR(COUNTIFS('Test Cases'!D2:D7,"P1",'Test Cases'!F2:F7,"Passed")/COUNTIF('Test Cases'!D2:D7,"P1"),0)>=0.95,"OK","REVIEW")
A6: P2 con >=80% ejecutados | B6: >=80% | C6: =IF(IFERROR((COUNTIFS('Test Cases'!D2:D7,"P2",'Test Cases'!F2:F7,"Passed")+COUNTIFS('Test Cases'!D2:D7,"P2",'Test Cases'!F2:F7,"Failed"))/COUNTIF('Test Cases'!D2:D7,"P2"),0)>=0.8,"OK","REVIEW")
A7: Sin defectos P0 abiertos | B7: 0 | C7: =IF(COUNTIFS('Defects Log'!C2:C200,"P0",'Defects Log'!K2:K200,"Open")=0,"OK","BLOCKED")
A8: Cobertura global >=90% | B8: >=90% | C8: =IF(Summary!B17>=0.9,"OK","REVIEW")
